source_id,source_name,source_type,public_urls,access_date,publication_status,evidence_status,public_artifacts,role,verification_note
SR-01,Awesome single-cell foundation-model catalog,Living catalog,https://github.com/OmicsML/awesome-foundation-model-single-cell-papers,2026-09-08,Public GitHub list,Discovery index,Paper repository and dataset links,Broad model discovery,Use as a map only; promote entries after primary-source and protocol review.
SR-02,scPerturBench,Benchmark suite,https://github.com/bm2-lab/scPerturBench | https://pubmed.ncbi.nlm.nih.gov/41381899/,2026-09-08,Nature Methods plus public repository,Published + public code,Code results and linked data archives,Stage 1 common-suite anchor,Pin the release and retain dataset scenario and metric boundaries.
SR-03,Systema,Anti-shortcut protocol,https://github.com/mlbio-epfl/systema | https://www.nature.com/articles/s41587-025-02777-8,2026-09-08,Nature Biotechnology plus public repository,Published + public code,Paper code and split instructions,Perturbation-specific effect guardrail,Use perturbed-reference metrics and simple perturbed-mean controls before reading model deltas.
SR-04,PertEval-scFM / PertEval,Representation benchmark,https://proceedings.mlr.press/v267/wenteler25a.html | https://github.com/aaronwtr/PertEval,2026-09-08,PMLR paper plus public repository,Published + public code,Paper code and protocol-linked inputs,Frozen scFM embedding probes,Keep probe capacity decoder choice and pretraining overlap explicit.
SR-05,PerturBench,Benchmarking framework,https://github.com/altoslabs/perturbench | https://openreview.net/forum?id=PPPDuyiZaG,2026-09-08,Public paper and repository,Public framework,Code and linked processed datasets,Reusable evaluation harness,Treat framework outputs as configuration-specific rather than one universal score.
SR-06,Cell-Eval,Distributional evaluator,https://github.com/ArcInstitute/cell-eval,2026-09-08,Public repository,Public evaluator,Code and evaluator documentation,Set- and distribution-level responses,Record the metric profile and empirical ceiling for every future evaluation.
SR-07,scPertEval,Protocol and calibration toolkit,https://github.com/Virtual-Cell-Research-Community/scPertEval | https://github.com/Virtual-Cell-Research-Community/scPertEval/blob/main/docs/user-guide/datasets.md,2026-09-08,Public preprint repository and dataset guide,Public protocol + code,Code protocol notes and public dataset guide,Metric calibration and reporting,Use for protocol selection; do not copy linked data into this site.
SR-08,GEARS,Perturbation-response model,https://github.com/snap-stanford/GEARS | https://www.nature.com/articles/s41587-023-01905-6,2026-09-08,Nature Biotechnology plus public repository,Published + public code,Paper code and public study references,Canonical genetic baseline,Original results are reading anchors; common-protocol comparison still needs split alignment.
SR-09,CPA / chemCPA,Compositional response model,https://pmc.ncbi.nlm.nih.gov/articles/PMC10258562/ | https://github.com/theislab/chemCPA,2026-09-08,Peer-reviewed paper plus public repository,Published + public code,Paper code and linked study datasets,Dose context and intervention composition,Pin normalization dose and context holdouts before comparing source-reported values.
SR-10,Tahoe-100M,Perturbation atlas,https://github.com/ArcInstitute/arc-virtual-cell-atlas/blob/main/tahoe-100M/README.md | https://huggingface.co/datasets/tahoebio/Tahoe-100M,2026-09-08,Public data landing pages,Public dataset access,Public README and linked dataset access,Large chemical/context benchmark candidate,Track access compute requirements and pretraining overlap; this site stores links only.
SR-11,LPM,Perturbation representation model,https://www.nature.com/articles/s43588-025-00870-1 | https://pubmed.ncbi.nlm.nih.gov/41094040/ | https://doi.org/10.1038/s43588-025-00870-1,2026-09-08,Nature Computational Science plus PubMed,Published paper,Nature article PubMed record and DOI,Biology-aware perturbation embeddings,The DOI landing page may be crawler-limited; use the linked Nature or PubMed record. Compare as an embedding candidate with matched frozen-probe protocols.
SR-12,Scouter,Biology-aware representation model,https://www.nature.com/articles/s43588-025-00912-8 | https://github.com/PancakeZoy/scouter,2026-09-08,Nature Computational Science plus public code,Published + public code,Paper repository and GenePT-linked representation path,Knowledge-informed embedding candidate,Separate text-knowledge priors from learned perturbation-response evidence.
SR-13,VCBench,Virtual-cell benchmark,https://github.com/AppliedScientific/VCBench | https://www.biorxiv.org/content/10.64898/2026.06.18.733146v1.full | https://doi.org/10.64898/2026.06.18.733146,2026-09-08,Public v1.0.0 repository plus bioRxiv preprint,Public benchmark release,Code capability matrix and contamination manifest,Stage 2 protocol gate,The DOI landing page may be crawler-limited; use the linked bioRxiv record or repository. Match capability rows only; not every dimension is direct response prediction.
SR-14,sc-virtualcell-bench,Community perturbation benchmark,https://github.com/shrutisshikhare/sc-virtualcell-bench | https://virtualcellchallenge.org/,2026-09-08,Early-phase public repository,Early-phase public code,Repository Cell-Eval references and baseline list,Stage 2 community benchmark,Pin a commit and audit data provenance before using model coverage or scores.
SR-15,scBench,Single-cell workflow benchmark,https://github.com/latchbio/scbench,2026-09-08,Public executable repository,Public benchmark release,Verifiable problems and deterministic grader,Agent workflow evaluation,Pair task scores with biological validity failure taxonomy and environment records.
SR-16,BixBench,Computational-biology agent benchmark,https://github.com/Future-House/BixBench | https://arxiv.org/abs/2503.00096,2026-09-08,Public benchmark plus preprint,Public benchmark release,Notebook-derived tasks and benchmark documentation,Long multi-step agent trajectories,Environment parity and intermediate artifacts are part of reproducibility evidence.
SR-17,BioAgent Bench,Bioinformatics agent benchmark,https://github.com/bioagent-bench/bioagent-bench | https://arxiv.org/abs/2601.21800,2026-09-08,Public repository plus preprint,Public benchmark; verify tasks,Task data truth files Dockerfiles and run scripts,Robustness and failure handling,Audit task-level truth provenance and separate exact-match scientific validity and robustness.
SR-18,LAB-Bench,Broad biology capability benchmark,https://github.com/Future-House/lab-bench | https://arxiv.org/abs/2407.10362,2026-09-08,Public benchmark plus paper,Public knowledge benchmark,Question sets and benchmark documentation,Knowledge/reasoning pre-screen,Use as a knowledge layer not as evidence of safe or reproducible workflow execution.
SR-19,ClawBio,Skill library and tool layer,https://github.com/ClawBio/ClawBio | https://docs.clawbio.ai/reference/mcp,2026-09-08,Public repository plus MCP documentation,Public tool layer,Public skills local-first packaging and tool documentation,Auditable bioinformatics execution layer,Version each skill and review privacy provenance and hosted integration boundaries separately.
